{"cameraMode":{"drawMode":0,"name":"Shaded","section":"Shading Mode"},"sceneLighting":true,"audioPlay":false,"sceneViewState":{"showFog":true,"showMaterialUpdate":true,"showSkybox":true,"showFlares":true,"showImageEffects":true,"showParticleSystems":true},"in2DMode":false,"pivot":{"x":35.69779586791992,"y":-9.697811126708985,"z":-167.14349365234376},"rotation":{"x":0.005742009729146957,"y":0.9927401542663574,"z":-0.05398150905966759,"w":0.10794532299041748},"size":205.0099334716797,"orthographic":false}